{
    "white": {
        "early": {
            "positive": [
                0.2113746626015727,
                0.4189031045082602,
                0.28443976250994646,
                0.08528247038022067
            ],
            "negative": [
                0.21880693147872665,
                0.3242622201178397,
                0.23776645668016524,
                0.2191643917232685
            ]
        },
        "mid": {
            "positive": [
                0.29297415887291856,
                0.37665096411310195,
                0.16414778569839245,
                0.16622709131558708
            ],
            "negative": [
                0.33200167882189807,
                0.15185612171171647,
                0.19881759158510376,
                0.3173246078812817
            ]
        },
        "late": {
            "positive": [
                0.36153767370925477,
                0.08763794703247946,
                0.28052521724382096,
                0.27029916201444487
            ],
            "negative": [
                0.34936444641721903,
                0.062243344294222264,
                0.341679044955885,
                0.24671316433267368
            ]
        }
    },
    "black": {
        "early": {
            "positive": [
                0.15364964125168948,
                0.23571670207402065,
                0.45727954864242515,
                0.15335410803186472
            ],
            "negative": [
                0.48694714498338704,
                0.18842029232867852,
                0.27527068519398706,
                0.049361877493947416
            ]
        },
        "mid": {
            "positive": [
                0.33063623027655265,
                0.26137085063628757,
                0.3308170421168889,
                0.07717587697027087
            ],
            "negative": [
                0.2620889946043203,
                0.24540222073880158,
                0.24678453477946966,
                0.24572424987740854
            ]
        },
        "late": {
            "positive": [
                0.21460668457239987,
                0.33350114609994963,
                0.16394110703635323,
                0.2879510622912973
            ],
            "negative": [
                0.3110282564262168,
                0.14522558188513368,
                0.27563730779420387,
                0.26810885389444566
            ]
        }
    }
}